,AgencyID,FacilityID,Phone,Email,Website
0,,0,0464-674097,info@bedandbreakfastaivel lutai.com,
1,,1,338-1189108,cadelgiglio@gmail.com,
2,,2,0464-671736,deimiro@hotmail.it,
3,,3,0464-670162,campingalfaggio@gmail.com,www.campeggioalfaggio.it
4,,4,0464-671636,turiscooplessinia@gmail.c om,
5,,5,0464-696205,zugna26@libero.it,www.residenzazugna.it
6,,6,339-4663799,b-and-bilgrappolo@libero. it,
7,,7,0461-585753,campeggio@andalolifepark. it,www.andalolifepark.it
8,,8,0461-585263,hotel.majorka@tin.it,
9,,9,0461-585534,,
10,,10,0461-585843,info@casaferie.it,
11,,11,0461-585859,dalfovo.aldo@email.it,
12,,12,0461-585710,piccolo@piccolo.it,
13,,13,0461-585715,appartamenti@doland.it,www.dolomitihotelolimpia. it
14,,14,0461-585811,info@violaevillaviola.com,www.violaevillaviola.com
15,,15,0461-585615,info@residencecimedoro.it,www.residencecimedoro.it
16,,16,0461-585975,info@violaevillaviola.com,www.violaevillaviola.com
17,,17,0464-517745,info@casaallalega.it,www.casaallalega.it
18,,18,0464-531370,info@franca.it,www.franca.it
19,,19,0464-541191,chiara.depentori@gmail.co m,www.malgasangiovanni.com
20,,20,0464-505330,villamarinatorbole@gmail. com,
21,,21,327-7321285 / 333-4764861,info@arciduca.net,www.arciduca.net
22,,22,0464-516464,info@dagianni.it,www.dagianni.it
23,,23,380-2584983,alessandro@villaitaliarco .it,www.villaitaliarco.it
24,,24,0464-548230,info@lacantinota.it,www.lacantinota.it
25,,25,392 6211003,carlysrooms@gmail.com,
26,,26,0464-531655,info@appartamentiarcobell a.com,www.appartamentiarcobella .com
27,,27,0464-557875,info@casapasquai.it,
28,,28,0461-233777,comunitasolidale@diocesit n.it,
29,,29,349 4558567,info@acasadipietrobedand breakfast.it,
30,,30,339-3623134,adriarco@hotmail.it,
31,,31,0464-571924,bendbagliulivi@outlook.it,
32,,32,328 6931009,info@arcodeisogni.it,www.arcodeisogni.it
33,,33,333 5217509,althamer.arco@gmail.com,
34,,34,347-2406423,szanoni1@alice.it,
35,,35,0464-553445,ciao@lescuderiearco.com,
36,,36,339 5010165,,
37,,37,0464-516045,gardastivo@gardaqui.net,
38,,38,347-3630151,katia_camozza@hotmail.com,
39,,39,329-6738304,info@villaprincipessa.it,www.villaprincipessa.it
40,,40,392 9510143,bluemoonarco@gmail.com,
41,,41,349 0786163,,
42,,42,348 2605983,ruggero.zanoni@gmail.com,
43,,43,388-4811011,info@bbgardarco.com,www.bbgardarco.com
44,,44,328-7661616,giovanna.tonini@gmail.com,
45,,45,338-5717431,arcomauro@virgilio.it,
46,,46,0464-518433,office@agrivivere.com,www.bedandpizza.com
47,,47,0464-519785,renzochiozzini@alice.it,www.webalice.it/renzochio zzini
48,,48,347 2998973,giovanniceschia@hotmail.c om,
49,,49,0464-510475,galante.simone@yahoo.it,
50,,50,0464-505644,info@camping-bellavista.i t,www.camping-bellavista.it
51,,51,0464-517491,info@arcoturistica.com,www.arcoturistica.com
52,,52,0464-505175,info@campingmaroadi.it,www.campingmaroadi.it
53,,53,0464-516232,zoo@camping.it,www.camping.it/trentino/z oo
54,,54,0464-586200,info@ospedalesanpancrazio .it,www.ospedalesanpancrazio. it
55,,55,0464-554665,info@leservite.com,www.leservite.com
56,,56,0464-506088,info@holidayhomegardatren tino.com,
57,,57,0464-576657,info@casavanny.it,www.casavanny.it
58,,58,335-5241312,hmg@guesthouse-arco.com,www.guesthouse-arco.com
59,,59,0464-517013,info@lanterna-arco.com,www.lanterna-arco.com
60,,60,347-7028153,info@palazzooltre.it,www.palazzooltre.it
61,,61,0464-552288,info@franca.it,www.franca.it
62,,62,0464-548176,info@residenceverdeblu.it,www.residenceverdeblu.it
63,,63,0464-516676,info@soleholiday.com,www.soleholiday.com
64,,64,347-8630876,mc@residencesantacaterina .it,www.residencesantacaterin a.it
65,,65,345-4572147,info@sweetlaghel.it,www.sweetlaghel.it
66,,66,335-5241312,hmg@guesthouse-arco.com,www.guesthouse-arco.com
67,,67,335-1704596,info@hotelalmaso.it,www.albergoalmaso.it
68,,68,0464-552793,info@villanicole.it,
69,,69,0464-684119,boxposta@piccolofiore.net,www.piccolofiore.net
70,,70,0464-684772,bbdamariangela@gmail.com,www.bbdamariangela.com
71,,71,0464-687059,chiara_troiani@libero.it,
72,,72,0464-391626,segreteria@comune.avio.tn .it,
73,,73,0461-553053,info@masovecchiaquercia.i t,www.masovecchiaquercia.it
74,,74,342-174806,matteosolhair@libero.it,
75,,75,0461-557248,affittacamere.gigi@gmail. com,
76,,76,0461-553156,info@ristorantelfilo.it,
77,,77,392 7142136,mettetevi.comodi@gmail.co m,
78,,78,349-3735756,info@bbcuoretrentino.it,www.bbcuoretrentino.it
79,,79,0461-558270,info@caneinfiore.it,www.caneinfiore.it
80,,80,0461-555073,quaglioalessia@yahoo.it,www.ilboscoincantatobb.it
81,,81,333 6853285,info@beblaita.it,www.beblaita.it
82,,82,0461-556642,info@infopineta.it,www.infopineta.it
83,,83,0461-556718,verdeblu@pinecamping.it,www.pinecamping.it
84,,84,338-5908228,info@bb-bluemind.com,www.bb-bluemind.com
85,,85,0461-780153,,
86,,86,340 3134256,info@bbilpiccoloprincipe. com,www.bbilpiccoloprincipebi eno.com
87,,87,0461-596202,,
88,,88,041-479285,niero.diego@hotmail.it,
89,,89,0465-779296,passodurone@gmail.com,
90,,90,333 4134377,natalliaadrian@libero.it,
91,,91,0465-777004,iniziativealberghieresrl@ gmail.it,www.garnilabifora.it
92,,92,338 3689828,b.b.daerica@gmail.com,
93,,93,035-768109,info@yourhappyholiday.it,
94,,94,340-4864535,bebidroblu@gmail.com,
95,,95,0465-299284,info@campingmiralago.it,www.campingmiralago.it
96,,96,366-8952892,info@lavilladegliorti.it,
97,,97,0461-757103,info@locandainborgo.it,www.locandainborgo.it
98,,98,0461-773026,tre.faggi@gmail.com,
99,,99,0461-753318,stefanoschmid@alice.it,www.ristorante-san-giorgi o.it
100,,100,340 9246088,bb.algattonero@gmail.com,
101,,101,360-265482,info@piagaro.it,www.piagaro.com
102,,102,041-5700843,info@cesvitem.org,www.cesvitem.org
103,,103,0423-468937,salvanisio@gmail.com,
104,,104,045-6107379,,
105,,105,0461-761037,,
106,,106,0461-757023,diego.sbetta@emporiosbett a.it,
107,,107,0461-757432,info@valsuganasport.it,www.valsuganasport.it
108,,108,338-7925176,info@villa-monica.it,www.villa-monica.it
109,,109,0464-867004,,
110,,110,339 8715923,info@bblamarmotta.it,
111,,111,0464-391541,info@masdeigirardei.it,
112,,112,0464-867177,info@campingpolsa.it,www.campingpolsa.it
113,,113,0464-391510,info@campingciclamino.com,www.campingciclamino.com
114,,114,347-9514169,elenamadaschi@gmail.com,www.trattoriadamammaepapa .it
115,,115,0463-874256,magagnaluciano@virgilio.i t,www.trentino.to/casadaluc ia
116,,116,0463-874228,lucianotraversara@alice.i t,www.casanonesa.it
117,,117,0465-804518,info@grimmobiliare.com,www.grimmobiliare.com
118,,118,348-7205851,info@masosantamaria.it,www.masosantamaria.it
119,,119,0465-804258,bebpiazzi@gmail.com,
120,,120,0465-804161,fondsdonnino@diocesifiden za.it,
121,,121,347-8454852,casasullago.trentino@gmai l.com,www.bebcasasullago.it
122,,122,349-7789135,,
123,,123,0461-723008,info@energyhotel.it,
124,,124,0461-723037,info@campingspiaggia.net,www.campingspiaggia.net
125,,125,0461-723062,trentino@campingpescatore .it,www.campingpescatore.it
126,,126,0461-723239,info@campingbelvedere.it,www.campingbelvedere.it
127,,127,0461-723272,info@penisolaverde.it,www.penisolaverde.it
128,,128,0461-723153,info@campingfleiola.it,www.campingfleiola.it
129,,129,0461-723229,puntalago@camping.it,www.campingpuntalago.com
130,,130,339 5747937 /,info@hellorizzi.it / mari na.71@live.it,www.hellorizzi.it
131,,131,336 255061,,
132,,132,3398107425,agriturlapergola@libero.i t,
133,,133,340 3354361,simonejolly72@gmail.com,
134,,134,338-2404357,info@alpescatore.info,www.alpescatore.info
135,,135,345 0229610,bedandbreakfast.leali@vir gilio.it,
136,,136,349-2465797,stefibordi@alice.it,
137,,137,0461-723341,direzione@campingmario.co m,www.campingmario.com
138,,138,0461-724075,sos.feriendorf@tin.it,
139,,139,0462-750360,menthosa@yahoo.com,
140,,140,0462-750339,tobia@val-di-fassa.com,www.tobia.val-di-fassa.co m
141,,141,0462-750442,info@villaruggero.it,
142,,142,0462-750392,,
143,,143,0462-750214,sanjapajic74@gmail.com,
144,,144,0462-750559,majon.sotroi@tiscali.it,
145,,145,0462-750502,info@campingmiravalle.it,www.campingmiravalle.it
146,,146,0462-601675,info@dolomitiholidays.com,www.dolomitiholidays.com
147,,147,0462-601675,info@dolomitiholidays.com,www.dolomitiholidays.com
148,,148,0541-643164 (fuori stagione tel. fax.),info@residencevillaavisio .it,www.residencevillaavisio. it
149,,149,0462-601196,cesafelezina@tiscali.it,
150,,150,0462-601675,info@dolomitiholidays.com,
151,,151,0462-750322,info@kamerloy.com,www.kamerloy.com
152,,152,0462-601675,info@dolomitiholidays.com,www.dolomitiholidays.com
153,,153,346-0785044,info@fassaaparte.it,
154,,154,346-0785044,info@fassaaparte.it,
155,,155,0462-750034,villabernardcampitello@gm ail.com,www.lastminutedolomites.i t
156,,156,0462-762301,info@residencesaslench.co m,www.residencesaslench.com
157,,157,0462-750292,braito.carla@libero.it,
158,,158,347-8197288,,
159,,159,0462-750238,info@ladina.net,www.ladina.net
160,,160,388-9052937,info@trifogliovaldinon.co m,www.trifogliovaldinon.com
161,,161,0461-655726,casa.delle.fate@virgilio. it,www.casadellefate.it
162,,162,0461-655049,bb.lacasadelsoletrentino@ gmail.com,www.beblacasadelsoletrent ino.com
163,,163,331 4218008,info@baitaoasi.it,www.baitaoasi.it
164,,164,349-1501697,nicholascecco@gmail.com,
165,,165,0439-763206,info@chaletneldoch.com,
166,,166,349 5409424,sonia.crem@gmail.com,
167,,167,0462-602142,garniclaudia@email.it,www.garniclaudia.it
168,,168,0462-601561,info@villapaola.tn.it,
169,,169,0462-601234,lasties@tiscali.it,www.fassahotel.com/lastie s/
170,,170,0462-601290,info@miamason.it,www.miamason.it
171,,171,0462-601579,info@garnipeter.it,www.garnipeter.it
172,,172,0462-602152,info@elsangon.it,www.elsangon.it
173,,173,0462-601710,,
174,,174,0462-602652,info@planber.it,www.planber.it
175,,175,0462-602532,cesafarinol@yahoo.it,
176,,176,340-5592996,circoladino@gmail.com,
177,,177,340 8704194,merlimatteocanazei@yahoo. it,
178,,178,0462-601660,campingmarmolada@virgilio .it,www.campingmarmolada.com
179,,179,335-7847146,,
180,,180,0462-601675,info@dolomitiholidays.com,www.dolomitiholidays.com
181,,181,0462-601675,info@dolomitiholidays.com,www.dolomitiholidays.com
182,,182,0462-601194,info@casamaurivan.com,
183,,183,462601353,apt@appartamenticanazei.c om,
184,,184,0462-601364,cesa.maria@tin.it,
185,,185,0462-601675,info@dolomitiholidays.com,www.dolomitiholidays.com
186,,186,0462-601675,info@dolomitiholidays.com,
187,,187,0462-601659,,
188,,188,0462-601194,info@casamaurivan.com,www.casamaurivan.com
189,,189,0462-601675,info@dolomitiholidays.com,
190,,190,0462-601675,info@dolomitiholidays.com,
191,,191,339-1932123,speziaraffaella@alice.it,
192,,192,0462-601675,info@dolomitiholidays.com,
193,,193,0462-601279,info@crepesdesela.com,
194,,194,02-2047080 3409021991 Renato per istat,segreteria@alcotur.it,
195,,195,0462-601675,info@dolomitiholidays.com,www.dolomitiholidays.com
196,,196,346-0785044,info@fassaaparte.it,
197,,197,339 2323548,info@vederil.it,www.vederil.it
198,,198,0462-602006,info@casalorenz.com,
199,,199,0462-602400,info@residencehotel.it,www.residencehotel.it
200,,200,0462-601415,laciasaa@alice.it,www.ciasaa.com
201,,201,0462-602579,,
202,,202,0462-600219,villaflora.resi@tin.it,
203,,203,333 4679069,info@villalory.net,www.villalory.net
204,,204,3356554867,info@masofranceschella.it,www.masofranceschella.it
205,,205,0462-231336,augustodelvai@tin.it,
206,,206,336 661652,,
207,,207,0462-341694,info@campeggiocalvello.it,www.campeggiocalvello.it
208,,208,335-1017404,m.betta@studiobetta.com,
209,,209,0462-764047,villa_boschetto@rolmail.n et,
210,,210,0462-340729,info@residenzabagni.com,www.residenzabagni.com
211,,211,0465-501177,bareurekacarisolo@gmail.c om,
212,,212,02-67627560,info@donboscocarisolo.it,www.donboscocarisolo.it
213,,213,339 1402580,m.bonfioli@alice.it,
214,,214,0465-501498,info@holidaysdolomiti.it,www.holidaysdolomiti.it
215,,215,0461-766590,degans@inwind.it,
216,,216,0461-766177,beb@le-rose.it,
217,,217,0465-621969,info@deicastellani.it,www.deicastellani.it
218,,218,347-6931686,beb.raina@gmail.com,
219,,219,339-2192749,,
220,,220,0462-341754,info@affittacamerecorradi ni.com,www.affittacamerecorradin i.com
221,,221,347-1248697,rodondo@virgilio.it,
222,,222,0462-341665,info@casariz.it,
223,,223,0462-341704,auser76@alice.it,
224,,224,366-6483366,andrea.dapra@referencetn. it,
225,,225,347-6088742,masotoneto@gmail.com,
226,,226,348-3391752,pichlercasa@virgilio.it,www.pichlercasa.it
227,,227,0462-341403,coopbachelet@diocesitv.it,
228,,228,348-2295364,info@aimolini.com,www.aimolini.com
229,,229,0461-594383,info@garnicanterbury.com,www.garnicanterbury.com
230,,230,0461-594330,info@masofradea.it,www.masofradea.it
231,,231,0461-594681,,
232,,232,0461-594018,campeggioalice@libero.it,www.campeggioalice.it
233,,233,338-4490234,info@casteltesinocamping. it,www.casteltesinocamping.i t
234,,234,347-7559834,info@bbdemonte.it,www.bbdemonte.it
235,,235,0461-762431,info@casagabriella-valsug ana.it,
236,,236,0462-230827,masovaia@yahoo.it,www.masovaia.it
237,,237,348-6718831,info@bebelmolin.it,www.bebelmolin.it
238,,238,366-4436412,bebseppi@pec.it,www.bebseppi.it
239,,239,0462-340484,sonia.fontanazzi@fastwebn et.it,
240,,240,0462-341468,casabazzanella@gmail.com,
241,,241,333-4478600,rosellacomai@hotmail.com,
242,,242,0462-342014,info@appartamentichelodi. it,www.appartamentichelodi.i t
243,,243,0462-342014,info@appartamentichelodi. it,www.appartamentichelodi.i t
244,,244,0544-972383,info@solnostrum.it,
245,,245,0462-232430,p.gilmozzi@sgsfuture.it,www.volperossa.it
246,,246,0461-930460,info@trentinoresidences.i t,www.trentinoresidences.it
247,,247,0462-341542,info@appartamentieltabia. it,www.appartamentieltabia.i t
248,,248,347-5007510,dai.stoneri@alice.it,www.daistoneri.it
249,,249,0471-632242,markussullmann@hotmail.co m,www.roenstube.com
250,,250,0463-831291,,
251,,251,0463-831291,assosluca@libero.it,
252,,252,0461-654366,residence@adrianogeometra viola.it,
253,,253.0,,,
254,,254,392-4850655,info@bebalremon.it,
255,,255,342-3516922,robertopless@yahoo.it,
256,,256,0461-866939,casaperferiecristofolini@ yahoo.it,
257,,257,0463-900222,locanda.cavizzana@gmail.c om,
258,,258,349 2841585,braus@interfree.it,
259,,259,327-9184910,mirco.camoscio@libero.it,
260,,260,0461-1597612,artico@pec.articoimpresas ociale.it,www.articoimpresasociale. it
261,,261,0463-535012,danielmontelli@libero.it,
262,,262,349 2261647,annamajo3@yahoo.it,
263,,263,3337917266,bbbrenta@hotmail.com,it.bbbrenta.com
264,,264,349-3513736,info@casaredolfi.it,www.casaredolfi.it
265,,265,347-2736738,incantocles@gmail.com,
266,,266,0461-652327,info@borgorossi.com,www.borgorossi.com
267,,267,0463-974079,info@residenzasissi.it,www.bedandbreakfastsissi. com
268,,268,0463-973269,info@bedandbreakfastnoemi .it,www.bedandbreakfastnoemi. it
269,,269,0463-974570,info@bandbgiulianavaldiso ledaolasa.it,www.bandbgiulianavaldisol edaolasa.it
270,,270,388 8708773,claudio.stecla@libero.it,
271,,271,0463-974079,info@residenzasissi.it,www.residenzasissi.it
272,,272,392-9056389,info@ridehome.it,www.ridehome.it
273,,273,0463-903070,info@bedandbreakfastcrist ina.it,http://www.bedandbreakfas tcristina.it/
274,,274,0463-901700,info.male@soleneve.it,www.soleneve.it
275,,275,0463-901265,info@residenceilgiardino. com,www.residenceilgiardino.c om
276,,276,0461-652327,info@borgorossi.com,www.borgorossi.com
277,,277,346-0117564,info@bbcastlerock.it,www.bbcastlerock.it
278,,278,0464-541143,cantlos69@gmail.com,
279,,279,340-7357568,stegazzini@hotmail.it,
280,,280,0464-541293,info@masosalim.it,www.masosalim.it
281,,281,0464-507012,info@pietrarara.it,www.pietrarara.it
282,,282,0464-547040,bbgiuly@gmail.com,
283,,283,0464-504494,elenalutterotti@gmail.com,
284,,284,342-5346055,vineamoragritur@gmail.com,
285,,285,340 9033650,info@enricotavernini.it,
286,,286,334-1086228,angelo.matteotti@alice.it,
287,,287,0464-504771,c.zanin@centroarcangelo.i t,www.centroarcangelo.it
288,,288,333 3001686,giardinoallatorredro@gmai l.com,
289,,289,348-7869268,info@isentieri.it,
290,,290,329-1815290,info@beblefalesie.it,
291,,291,0464-507415,michela@bedandbreakfastpa ssaggi.it,www.bedandbreakfastpassag gi.it
292,,292,333-3649554,info@untempopernoi.it,
293,,293,0464-507451,info@campingdaino.com,www.campingdaino.com
294,,294,340-7219428,appartamenti@anticadro.it,
295,,295,338 1728528,info@appartamentialvignet o.it,www.appartamentialvigneto .it
296,,296,0461-650585,info@hotelmonreal.it,www.monreal.it
297,,297,0461-669005,la_ferrata@hotmail.com,www.laferrata.com
298,,298,339-8031679,mariano.caldonazzi@gmail. com,
299,,299,0461-583301,info@pizzeriaagostini.it,www.pizzeriaagostini.it
300,,300,0461-583166,casaserena@ceaservizi.it,
301,,301,0461-583275,info@appartamentiromerilu ciano.com,www.appartamentiromeriluc iano.com
302,,302,340-9793059,corona_srl@pec.it,
303,,303,0465-735433,info@tirolinbalin.it,www.tirolinbalin.it
304,,304,340 9021734,alena@alessandranadalini. it,
305,,305,388-3460750,info@casa-lepalafitte.it,www.casa-lepalafitte.it
306,,306,339 6937089,marianogalas@tiscali.it,
307,,307,0465-735399,,
308,,308,328-8622466,info@longanorbait.it,
309,,309,0464-720410,claudia.lastua@hotmail.it,
310,,310,0464-727156,ristorantecogola@libero.i t,www.ristorantecogola.it
311,,311,0464-723003,info@fiordibosco.eu,www.fiordibosco.eu
312,,312,0464-722006,info@francolini.eu,
313,,313,0464-721436,casatrudi@hotmail.com,
314,,314,0464-765257,camping.soleneve@libero.i t,www.campingsoleneve.it
315,,315,0464-721260,info@casa-santa-maria.it,
316,,316,0464-727342,info@giovani2000.it,www.giovani2000.it
317,,317,346-2111243,,
318,,318,0464-765355,,
319,,319,0464-721835,studiodona@iol.it,
320,,320,0464-721185,info@derbyclubresidence.i t,www.derbyclubresidence.it
321,,321,328-8746093,chiudo.io@gmail.com,
322,,322,0464-721642,alpine@clubres.com,
323,,323,0464-721324,info@lamadonninafolgaria. it,www.lamadonninafolgaria.i t
324,,324,0463-830380,info@ladymariahotel.com,www.ladymariahotel.com
325,,325,392 2663598,bb.molindeimaghi@gmail.co m,
326,,326,324 8630289,santaluciafondo@gmail.com,
327,,327,0473-230081,casa.alpinatret@gmail.com,
328,,328,347-8157588,info@smaniotto.it,www.smaniotto.it
329,,329,340 5331525,enricosartori1975@libero. it,
330,,330,349-5559204,riccardo.brugnara@gmail.c om,
331,,331,347 9308928,info@nenez.info,
332,,332,0461-960848,info@lattetrento.it,
333,,333,0461-775111,comune@comunegrigno.it,
334,,334,0439-725103,noemi9864@alice.it,
335,,335,329-8715956,ilciliegio.fam.spironelli @gmail.com,
336,,336,0439-725143,info@casanicri.it,
337,,337,0439-67468,info@campingcalavise.it,www.campingcalavise.it
338,,338,0464-486057,info@casadelvino.info,www.casadelvino.info
339,,339,0464-433155,,
340,,340,0464-424321,beb.anna@virgilio.it,www.beb.isera.tn.it
341,,341,0464-422905,casatoss4@gmail.com,www.casatoss.it
342,,342,349-0629090,info@bellavistaisera.it,www.bellavistaisera.it
343,,343,339-6063177,info@ideabed.it,www.ideabed.it
344,,344,348-4020857,info@locandadelletrechiav i.it,www.locandadelletrechiavi .it
345,,345,334-8362626,campeggiobelvederelavaron e@gmail.com,
346,,346,0464-783300,info@campinglagodilavaron e.it,www.campinglagodilavarone .it
347,,347,0464-783147,info@coloniaalpinagardolo .it,www.coloniaalpinagardolo. it
348,,348,348-0143862,marzaribruno@gmail.com,
349,,349,0464-784055,info@giongo.com,www.giongo.com
350,,350,0464-783335,info@malgamillegrobbe.it,www.malgamillegrobbe.it
351,,351,347 1133168,marianna.nardon@gmail.com,
352,,352,0461-870248,albergomoser@alice.it,
353,,353,0461-706183,af.camerealparco@virgilio .it,
354,,354,0461-706261,info@allaloggiadellimpera tore.com,www.allaloggiadellimperat ore.com
355,,355,333-7784669,bnb.al.rio@gmail.com,www.bnbalrio.it
356,,356,339-7888743,ylenia.zanella@gmail.com,
357,,357,0461-038199,info@bebrenata.it,www.bebrenata.it
358,,358,0461-706090,cadelgrillo@vodafone.it,www.cadelgrillo.it
359,,359,339 2104155,bedandbreakfastdomusflav ia@yahoo.it,www.bedandbreakfastdomusf lavia.com
360,,360,0461-702324,info@bbnarore.it,www.bbnarore.it
361,,361,347-4409798,nadia.libardi@alice.it,
362,,362,333-2262460,bandbzita@gmail.com,www.bblevico.onweb.it
363,,363,0461-263900,info@campingclub.it,www.campingclub.it
364,,364,0461-706491,info@campinglevico.com,www.campinglevico.com
365,,365,0445-651797,grumello@unitapastoralepi ovene.org,
366,,366,0461-706209,,
367,,367,349-3896355,villasacrocuore@dehoniani .it,
368,,368,349-3896355,villasacrocuore@dehoniani .it,www.villasacrocuoresantag iulianadilevico.blog
369,,369,0461-235723,silva.floriani@consolida. it,www.vezzenacamp.it
370,,370,0461-706291,circolomarinalevico@virgi lio.it,
371,,371,320-3025541,az.brugnara@gmail.com,
372,,372,333 2366967,rifugiomondent@gmail.com,
373,,373,0463-901390,info@segosta.com,www.segosta.com
374,,374,0463-901085,info@casadeiricci.it,
375,,375,328-6544185,info@beblamarmotta.com,www.beblamarmotta.com
376,,376,328-6614608,pepegiulio@gmail.com,
377,,377,335-7167184,info@bedandbreakfastdelle rose.it,www.ilgiardinodellerose.w ix.com/ilgiardinodellerose
378,,378,346 8564408,bblecolombe@gmail.com,
379,,379,339-1943704,info@villaginevra.it,www.villaginevra.it
380,,380,0463-901700,info.male@soleneve.it,www.soleneve.it
381,,381,347-6036603,info@casapatriziamalosco. it,www.casapatriziamalosco.i t
382,,382,030-3543407,padrimaristi@tiscali.it,
383,,383,0463-830152,casalpinastimmatini@gmail .com,
384,,384,0462-767351,soggiorno.dolomiti@libero .it,
385,,385,0462-767204,info@villabertinoro.it,www.villabertinoro.it
386,,386,0462-601675,info@dolomitiholidays.com,www.dolomitiholidays.com
387,,387,0462-601675,info@dolomitiholidays.com,www.dolomitiholidays.com
388,,388,0462-601675,info@dolomitiholidays.com,www.dolomitiholidays.com
389,,389,0462-601675,info@dolomitiholidays.co m,www.dolomitiholidays.com
390,,390,0462-601675,info@dolomitiholidays.com,www.dolomitiholidays.com
391,,391,348 5322751,bettytormen@yahoo.it,
392,,392,0462-750474,villa.artico@gmail.com,
393,,393,0463-757164,giannigiorgi@aol.it,www.affittacamerelagoroto ndo.it
394,,394,0463-757533,info@trattoriapedergnana. it,www.trattoriapedergnana.i t
395,,395,0463-757146,info@hoteleccher.it,
396,,396,329-9162464,girotondoforafrica@hotmai l.com,
397,,397,0463-757512,info@lacasaalnoce.it,
398,,398,0463 793333,info.marilleva@perinivaca nze.it,www.alberghimarilleva.it
399,,399,0463-796105,infom@happyholidaysmarill eva.com,www.happyholidaysmarillev a.com
400,,400,0471-441442,michela@studas.it,
401,,401,0463-796242,govacanze@gmail.com,www.govacanze.it
402,,402,0463-756012,info@residencekristall.co m,www.residencekristall.com
403,,403,0463-757105,info@hotelmonteginer.com,
404,,404,349 9567272,info@albare.it,www.albare.it
405,,405,0463-757105,info@hotelmonteginer.com,
406,,406,0463-757240,info@hotelvaldisole.it,www.centroappartamentivac anze.it
407,,407,0463-796122,info@ilvigomarilleva1400. eu,www.ilvigomarilleva1400.e u
408,,408,0439-719066,info@lozen.it,www.lozen.it
409,,409,0439-67405,riccardoloss@libero.it,
410,,410,345 9060903,bedandbreakfastdared@hotm ail.com,
411,,411,0439-762019,segreteria@sdbmezzano.it,www.salesianimezzano.it
412,,412,0461-619210,bebmartina.mezzocorona@gm ail.com,www.martinabedandbreakfas t.it
413,,413,0461-619074,carlo.fiamozzi@gmail.com,
414,,414,347 7151694,alida.zancanella@yahoo.it,
415,,415,348-5156630,caliaribruno@libero.it,
416,,416,0461-605352,cendou@tiscali.it,www.pedelmont.it
417,,417,333 3904997,michela.romanelli@libero. it,
418,,418,333-1908036,bbperbaccorelax@gmail.com,
419,,419,347-8514254,ti.tom@libero.it,
420,,420,346-6909907,davide_ghz@hotmail.it,
421,,421,348-8766476,bbcasadacarmen@gmail.com,www.bbcasadacarmen.com
422,,422,0462-573344,sayonaramoena@yahoo.it,
423,,423,0462-573205,info@hotelmonza.it,www.hotelmonza.it
424,,424,0462-573963,info@ciasaweber.com,www.ciasaweber.com
425,,425,0462-574346,info@rodadevael.com,www.rodadevael.com
426,,426,0462-573497,andrea.rosati.1973@gmail. com,
427,,427,0462-573680,sommavillac@tiscali.it,
428,,428,0462-573190,info@hotelsomeda.it,
429,,429,0462-573300,info@residencelaste.it,www.residencelaste.it
430,,430,0462-573922,danielmarini@hotmail.it,www.residencerododendro.c om
431,,431,0461-586971,,
432,,432,340-0628004,info@coccolemolveno.it,www.coccolemolveno.it
433,,433,0461-587093,info@ilnidomolveno.it,www.ilnidomolveno.it
434,,434,345-5956662,info@residenzagaribaldi.i t,www.residenzagaribaldi.it
435,,435,0461-586978,camping@molveno.it,www.campingmolveno.it
436,,436,0461-824050,hotel@europamolveno.it,
437,,437,0461-587090,info@arnicamolveno.it,www.arnicamolveno.it
438,,438,0461-586928,info@alexandermolveno.com,www.alexandermolveno.com
439,,439,0461-586363,info@hoteldulac.it,www.residencestefenine.it
440,,440,0461-586941,info@residencevillaerica. it,www.residencevillaerica.i t
441,,441,0461-586264,info@residencesancarlo.co m,www.residencesancarlo.com
442,,442,0461-586677,info@residenceronchi.it,www.residenceronchi.it
443,,443,0464-435625,info@villacameras.it,www.villacameras.it
444,,444,0464-917163,bblacalzoleria@gmail.com,www.bblacalzoleria.com
445,,445,0464-918436,info@vecchiamori.it,www.vecchiamori.it
446,,446,380-3922680,bbacqualu@gmail.com,
447,,447,346-8749420,franca.mairo63@gmail.com,
448,,448,0464-802204,ca.fazzilisti@cimonetti.i t,www.cimonetti.it
449,,449,0464-917424,vincebombelli@tin.it,www.bbnelverde.it
450,,450,347-1385535,info@appartamentiitalia.i t,
451,,451,0464-548168,alrustico@torbole.com,www.alrusticotorbole.it
452,,452,0464-505122,info@barcelli.com,www.barcelli.com
453,,453,0464-505123,toblini@torbole.com,www.toblini.com
454,,454,0464-505123,toblini@torbole.com,www.torbole.com/Toblini
455,,455,0464-505995,villaangela@alice.it,
456,,456,0464-505728,info@villa-emma.com,www.villa-emma.com
457,,457,0464-505604,info@villanirvana.it,www.villanirvana.it
458,,458,348-3053911,info@bbiogardaulivi.com,
459,,459,349 4271482,alessandro.prosser@hotmai l.it,
460,,460,335-1435742,info@lacasotavegan.it,www.lacasotavegan.it
461,,461,334-8191216,valeria.chiarani@hotmail. it,
462,,462,349 2236361,info@villatorbole.it,www.villatorbole.it
463,,463,338-6224454,iperblue@gmail.com,
464,,464,0464-505222,alcor@torboleweb.com,www.camping-al-cor.it
465,,465,0464-505888,dada27@hotmail.it,www.campingeuropatorbole. it
466,,466,0464-505891,info@campingalporto.it,www.campingalporto.it
467,,467,0464-505175,info@residencemaroadi.it,www.residencemaroadi.it
468,,468,0464-541293,info@appartamentistella.i t,www.appartamentistella.it
469,,469,335 1294031,info@villaalfiume.it,
470,,470,0464-505022,info@bertaminiapartments. it,www.bertaminiapartments.i t
471,,471,0464-505521,info@bungalowpark.it,
472,,472,0464-505576,casabeust@email.it,
473,,473,333-2701354,info@casacarla.it,www.casacarla.it
474,,474,335-6371599,marcotanas@hotmail.com,
475,,475,0464-505940,info@lavelahoteltorbole.i t,www.lavelahoteltorbole.it
476,,476,0464-505993,info@vascorenna.com,www.vascorenna.com
477,,477,0464-505168,info@baia.it,www.baia-azzurra.com
478,,478,0464-505434,info@casaalsole.it,www.casaalsole.it
479,,479,335 1016875,info@residencemaxim.com,www.residencemaxim.com
480,,480,0464-505865,info@villa-cristina.it,www.villa-cristina.it
481,,481,0464-413152,info@relaispalazzolodron. it,www.relaispalazzolodron.i t
482,,482,0464-410777,ivano.dossi@libero.it,www.locandaded.it
483,,483,340-5031977,enrica@la-Betulla.com,www.la-Betulla.com
484,,484,0461-768194,draghita.popov@libero.it,
485,,485,349 5127004,alessandradelleva@gmail.c om,
486,,486,349-7900245,bbalbachiaravaldisole@out look.com,www.bbalbachiaravaldisole .com
487,,487,338-5679258,,
488,,488,0463-751630,info@campingcevedale.it,www.campingcevedale.it
489,,489,339-3104471,segreteria@fondazionesanv igilio.it,www.fondazionesanvigilio. it
490,,490,0463-757412,info@residenzaandreotti.i t,www.residenzaandreotti.it
491,,491,348-7462414,info@bbcasafipinger.it,
492,,492,340-6057493,bb.famciuffo@virgilio.it,
493,,493,0464-803049,info@anticagardumo.it,
494,,494,331 5965938,info@baitascaia.it,www.baitascaia.it
495,,495,340-9521671,info@rifugioscoiattolo.co m,www.rifugioscoiattolo.com
496,,496,0463-753242,info@hotelsantamaria.it,www.appartamentipeio.it
497,,497,0463-754266,info@bebveronica.it,www.bebveronica.it
498,,498,333-4267353,infoline@bebmary.it,
499,,499,335-1204999,info@bbsottolestelle.com,www.bbsottolestelle.com
500,,500,0463-753177,info@valdisolecamping.it,www.valdisolecamping.it
501,,501,0463-754403,info@casaalsolecogolo.it,www.casaalsolecogolo.it
502,,502,0463.754358,info@appartamentialice.it,www.appartamentialice.it
503,,503,0463-746021,info@tuttocasapeio.com,
504,,504,463751465,info@jagerhaus.it,
505,,505,0463-751465,info@bontempelli.it,
506,,506,339-7500937,cadeibaroni@gmail.com,
507,,507,0463-751204,info@deltom.it,www.deltom.it
508,,508,0463-751204,info@deltom.it,www.deltom.it
509,,509,339-2013599,info@casamezzavalle.it,
510,,510,0461-531024,info@palazzochimelli.it,www.palazzochimelli.it
511,,511,0461-552130,,
512,,512,348-9342163,margherita@albasullago.it,
513,,513,340-5774207,alcastelcharme@gmail.com,
514,,514,349 5840701,bandbalmasoosler@gmail.co m,
515,,515,328-1729343,robertaoss@virgilio.it,www.asenada.it
516,,516,347-5946400,info@aiciliegi.it,
517,,517,349-4925917,info@bblabottega.com,
518,,518,,cristina.andreaus@tiscali .it,
519,,519,347-2115055,gszito@gmail.com,
520,,520,338 2508934,milena@valar.it,
521,,521,0461-532850,leopoldina.benini@gmail.c om,
522,,522,0461-240508 (tel. e fax. invernale),info@campingpuntaindiani. it,www.campingpuntaindiani.i t
523,,523,0461-512707,info@campingsancristoforo .it,www.campingclub.it
524,,524,0461-531366,centrospiritualita.pergin e@istsorellemisericordia.it,www.istsorellemisericordi a.com
525,,525,0461-512757,infocasavacanze@tiscali.i t,
526,,526,0461-594214,info@valmalene.com,www.valmalene.com
527,,527,0461-1918220,campeggiolagorai@gmail.co m,
528,,528,339-6984804,chatwin47@hotmail.com,
529,,529,0461-594219,tesinogest@gmail.com,
530,,530,0465-507233,info@zimmerfrei.it,www.zimmerfrei.it
531,,531,0465-501703,info@villalucin.it,www.villalucin.it
532,,532,0465-501171,camere@salvaterra.biz,www.salvaterra.biz
533,,533,0465-441194,info@hotelcerana.com,
534,,534,0465-502758,info@masodoss.com,www.masodoss.com
535,,535,0465-503311,info@garnimartina.it,
536,,536,0465-440011,info@villaprincipe.it,www.villaprincipe.it
537,,537,0465-503562,maffeilorenzo@alice.it,www.borgoanticopinzolo.co m
538,,538,335 5943854,barbaracaola4@gmail.com,
539,,539,0465-507179,nail67@alice.it,www.masopin.it
540,,540,0465-503427,bb@labrisa.it,
541,,541,360-386929,info@zimmerfrei.it,
542,,542,0465-501793,info@campingparcoadamello .it,www.campingparcoadamello. it
543,,543,0465-507178,info@campingfae.it,www.campingfae.it
544,,544,0465-507700,infomavignola@pnab.it,www.pnab.it
545,,545,0465-501612,stadiodelghiaccio@pinzolo ice.it,www.pinzoloice.com
546,,546,0465-501053,fzigoli@gmail.com,
547,,547,0465-441016,info@hotelidealcampiglio. it,
548,,548,0465-502062,,
549,,549,0465-441016,info@hotelidealcampiglio. it,
550,,550,0465-501552,info@chaletlaura.it,
551,,551,0465-440342,info@residenza3tre.com,
552,,552,0465-500202,cunaccia.giuliana@tiscali .it,
553,,553,0465-441404,hotellorenzetti@hotellore nzetti.com,
554,,554,0465-441489,info@chaletdeipini.com,www.chaletdeipini.com
555,,555,0465-503396,info@alpen.tn.it,www.alpen.tn.it
556,,556,0464-410218,info@residence-concaverde .it,www.residence-concaverde. it
557,,557,0462-764343,camere.mikelin@tiscali.it,www.ciasamikelin.com
558,,558,0462-764068,info@albergoaida.com,www.albergoaida.com
559,,559,0462-764925,picolamajon@tin.it,www.picolamajon.it
560,,560,328-8662876,cincellitullio@inwind.it,
561,,561,0462-763305,info@catinacciorosengarte n.com,www.catinacciorosengarten .com
562,,562,0462-760022,info@campingvidor.it,www.campingvidor.it
563,,563,0462-764519,info@campingsoal.com,www.campingsoal.com
564,,564,0462-764152,villabacchiani@larosablu. com,www.larosablu.com
565,,565,0462-764421,villaromagna@gmail.com,www.villaromagna.com
566,,566,0462-764527,info@villasancarlo.it,www.villasancarlo.it
567,,567,0462-763057,alberto.bernard@tiscali.i t,www.lerose.pozzappartamen ti.it
568,,568,346-0785044,info@fassaaparte.it,
569,,569,0462-601675,info@dolomitiholidays.com,www.dolomitiholidays.com
570,,570,0462-764064,info@residenceazzurra.com,www.residenceazzurra.com
571,,571,0462-764064,info@residenceazzurra.com,www.residenceazzurra.com
572,,572,0462-764064,info@residenceazzurra.com,www.residenceazzurra.com
573,,573,0462-764531,info@ciasaflorian.it,
574,,574,0462-764114,vittorinocincelli@virgili o.it,
575,,575,0462-763241,info@majongarnete.com,www.majongarnete.com
576,,576,346 0785044,info@fassaaparte.it,
577,,577,0462-764064,info@residenceazzurra.com,www.residenceazzurra.com
578,,578,0462-764283,info@hotelanda.it,
579,,579,335-7010208,info@residencecristina.co m,www.residencecristina.com
580,,580,0462-763160,info@residencedolomia.net,www.residencedolomia.net
581,,581,0462-763783,info@residenceholiday.net,
582,,582,0462-764373,info@laroggia.com,www.laroggia.com
583,,583,0462-502223,cemin.63@hotmail.it,
584,,584,339-8685080,info@ciampdelestrie.it,www.ciampdelestrie.it
585,,585,349-7003370,info@lerois.it,
586,,586,347-8124600,info@dolcerelaxtrentino.i t,
587,,587,0462-502867,info@3-cuori.com,www.3-cuori.com
588,,588,328-5319273,info@bbfreeholidays.com,www.bbfreeholidays.com
589,,589,333-7206454,lorenzadezu@gmail.com,
590,,590,0462-501426,info@rosedibosco.it,www.rosedibosco.it
591,,591,0462-502394,info@campingvalleverde.it,www.campingvalleverde.it
592,,592,0462-576119,info@campingclub.it,www.fiemmevillage.it
593,,593,0462-501651,colorhome@ancora.it,www.fiemmeholidays.it
594,,594,0462-501651,lagorai@ancora.it,www.fiemmeholidays.it
595,,595,0462-501194,cristina@nonsolobaite.it,
596,,596,0463-985031,info@chaletvaldirabbi.it,www.chaletvaldirabbi.it
597,,597,0463-985027,info@abeterosso.com,www.abeterosso.com
598,,598,0463-985020,info@almolin.it,www.almolin.it
599,,599,339-2943098,info@ilsorrisodeinonni.it,www.ilsorrisodeinonni.it
600,,600,338 1646040,masdizonadi@gmail.com,www.masdizonadi.it
601,,601,0463-985428,info@cascatedisaent.it,www.cascatedisaent.it
602,,602,0463-985122,info@appartamentivaldirab bi.it,
603,,603,0523-859200,giovannic.fedeli@enel.com,
604,,604,0463-985341,ezappini@yahoo.it,www.masotodeschinirabbi.i t
605,,605,0463-985122,info@appartamentivaldirab bi.it,www.appartamentivaldirabb i.it
606,,606,0463-901526,info@residencebonetti.com,
607,,607,0463-985543,info@masofiordibosco.it,www.masofiordibosco.it
608,,608,339 1310314,info@malgamontesole.it,
609,,609,335-5924166,info@masdelabolp.it,www.masdelabolp.it
610,,610,0463-432152,info@casaincantata.it,www.casaincantata.it
611,,611,349-5331486,dalpiaz.franca@gmail.com,
612,,612,0461-652327,info@borgorossi.com,www.borgorossi.com
613,,613,0464-551156,info@residencemonica.com,www.residencemonica.com
614,,614,0464-551546,info@gardabreak.it,www.gardabreak.it
615,,615,0464-552686,info@hotelsoleriva.it,
616,,616,0464-552038,info@villasperanza-rivade lgarda.it,www.villasperanza-rivadel garda.it
617,,617,0464-757500,info@villamazzano.it,www.villamazzano.it
618,,618,0464-552632,info@villa-regina.com,www.villa-regina.com
619,,619,0464-552038,info@villasperanza-rivade lgarda.it,www.villasperanza-rivadel garda.it
620,,620,0464-555027,emilymorellato@gmail.com,
621,,621,0464-521831,tsegatt@tin.it,www.rivadelgardainfo.it
622,,622,,info@holiday4gardan.it,
623,,623,0464-521329,info@hoteldeva.it,www.hoteldeva.it
624,,624,335-6928803,cive75@gmail.com,
625,,625,0464-553481,info@resteldefer.com,
626,,626,0464-553070,,
627,,627,0464-551734,taxitronconi@gmail.com,
628,,628,333-8353634,biancoenerogarden@hotmail .com,
629,,629,0464-567118,casabaltera@gmail.com,
630,,630,329 1635390,info@bblastellariva.it,
631,,631,333 1376662,eliomorelli@gmail.com,
632,,632,320 0933737,info@postapregasina.it,
633,,633,335-5654230,giovannagirolamobio@hotma il.it,
634,,634,329 6388948,info@hotelisolaverde.com,
635,,635,331-5073271,info@casawanda.com,www.casawanda.com
636,,636,329-7423869,kikkafazi@gmail.com,www.bbdalnonno.it
637,,637,366-4295617,giusy.lucchese@libero.it,
638,,638,348 3652539,info@studiofraboschi.it,
639,,639,0464-556094,info@villabellaria.com,
640,,640,0464-554825,vitusa42@gmail.com,
641,,641,328 7477974,matteoopaoli@gmail.com,
642,,642,0464-356117,barbaravacanze@gmail.com,
643,,643,,teresa.pasolli@hotmail.it,
644,,644,338 4297193,piccolobeb@yahoo.com,
645,,645,0464-715089,rivacityviewbb@gmail.com,
646,,646,340-5204343,vecchiariva2015@gmail.com,
647,,647,0464-553186,info@campingallago.com,www.campingallago.com
648,,648,0464-552038,info@villasperanza-rivade lgarda.it,www.villasperanza-rivadel garda.it
649,,649,0464-552524,info@bavarianet.it,www.bavarianet.it
650,,650,0464-520885,info@campingbrione.com,www.campingbrione.com
651,,651,0464-555345,base@blrivagarda.esercito .difesa.it,
652,,652,0464-350498,info@4limoni.com,www.4limoni.com
653,,653,0464-567432,info@casaalpino.it,www.casaalpino.it
654,,654,0464-552222,info@ambraresidence.it,www.ambraresidence.it
655,,655,0464-550024,info@apartmentsgardalake. it,
656,,656,0464-557474,info@hotelbellariva.com,www.hotelbellariva.com
657,,657,0464-551963,info@residencedesiree.it,www.residencedesiree.it
658,,658,347-5312574,info@leondororiva.it,www.leondororiva.it
659,,659,0464-552715,info@villaaranci.it,www.villaaranci.it
660,,660,329-6724119,info@villarosariva.it,www.villarosariva.it
661,,661,464400206,info@bellavilla.it,www.bellavilla.it
662,,662,0464-521965,info@borgosannazzaro.it,www.borgosannazzaro.it
663,,663,0464-554062,info@casafrancescagarda.c om,www.casafrancescagarda.co m
664,,664,338 2490338,casa@sembenini.com,www.casasembenini.it
665,,665,0464-508399,info@greenholiday.com,
666,,666,0464-552736,info@marinarivadelgarda.c om,www.marinarivadelgarda.co m
667,,667,0464-556791,info@villaangelicariva.co m,www.villaangelicariva.com
668,,668,0464-521560,immobiliare@gandinisas.it,
669,,669,0464-552245,info@casaalpino.it,www.casaalpino.it
670,,670,0464-552164,info@casacanarino.it,www.casacanarino.it
671,,671,0464-553070,,
672,,672,0464-559462,info@residenceallepalme.c om,www.residenceallepalme.co m
673,,673,0464-554507,info@royalhotels.it,
674,,674,0464-551413,info@triesterivadelgarda. com,
675,,675,0464-556094,info@villabellaria.com,www.villabellaria.com
676,,676,0464-552387,info@villaphoenix.com,www.villaphoenix.com
677,,677,0464-552715,info@villaaranci.it,www.villaaranci.it
678,,678,0464-521476,cascata@rivadelgarda.com,www.garda.be
679,,679,0464-553341,info@cristine.it,www.cristine.it
680,,680,0464-554734,info@residencefilanda.com,www.residencefilanda.com
681,,681,030-394241,info@residencegemma.it,www.residencegemma.it
682,,682,0464-552279,info@hotelrivierariva.com,www.hotelrivierariva.com
683,,683,0464-554125,info@villadina.net,www.villadina.net
684,,684,0464-554911,info@ostelloriva.com,www.ostelloriva.com
685,,685,347-3244172,,
686,,686,320-0792421,info@horsehousedolomiti.i t,www.horsehousedolomiti.it
687,,687,0463-432796,info@sirjoe.net,www.sirjoe.net
688,,688,0463-875666,mezzolombardo@parrocchiet n.it,
689,,689,0461-1851508,info@coronatahaus.it,www.coronatahaus.it
690,,690,346-5417938,chiaracent@alice.it,
691,,691,0461-773185,info@montetesobo.it,www.montetesobo.it
692,,692,348-1553973,francesca.pompermaier@geo pec.it,
693,,693,0463-831707,info@villa-belfiore.it,www.villa-belfiore.it
694,,694,347-7619607,popescu@tn.cim.it,
695,,695,0461-891343,comunitasolidale@diocesit n.it,
696,,696,347 0665120,cristianpreghenella@yahoo .it,
697,,697,0464-480711,info@colleamenobeb.it,
698,,698,0464-434317,bbalfiume@gmail.com,www.bbalfiume.com
699,,699,0464-422144,bb.allevigne@live.it,
700,,700,331 8265083,artbeb.rovereto@gmail.com,
701,,701,347-8846416,siurbani@tin.it,
702,,702,0464-437346,ca.antica@gmail.com,
703,,703,347-1051839,bebcasabettini@gmail.com,
704,,704,347-9944378,mgp@mgpconsulting.com,
705,,705,0464-750235,bbcasteldante@gmail.com,
706,,706,0464-080450,info@manu-e-dige.com,www.manu-e-dige.com
707,,707,348-8213467,info@bbmelaecannella.it,
708,,708,0464-424500,montepipelbb@gmail.com,
709,,709,349-4784115,angela.paganini@gmail.com,
710,,710,335 1022663,bikeandwinebb@gmail.com,
711,,711,346-3713167,pasinimarisa@gmail.com,
712,,712,366-5443636,bb.cortesantamaria@gmail. com,
713,,713,342-0307744,info@bebdiele.it,www.bebdiele.it
714,,714,0464-431489,luca26gottardi@gmail.com,
715,,715,0464-430740,info@ilgirasole-bb.com,
716,,716,328 4858370,rossella.pozzer@gmail.com,
717,,717,0464-438593,marcoproserpio@hotmail.it,www.lizzanella.com
718,,718,339-1772173,info@relaismozart.it,www.relaismozart.it
719,,719,389-9819695,info@dordi.it,www.dordi.it/rovereto
720,,720,371-1925384,gamma3immobiliare@virgili o.it (temporaneo),
721,,721,0464 - 480574,kosmos.rovereto@gmail.com,kappakosmos.it
722,,722,0464-486760,rovereto@cityresidencesrl .it,www.cityresidencesrl.it
723,,723,0464-486760,amministrazione@trentodue .it,www.cityresidencesrl.it
724,,724,0464-489120,info@residencemessaggero. it,www.residencemessaggero.i t
725,,725,0464-486757,segreteria@ostelloroveret o.it,www.ostellorovereto.it
726,,726,0463-531031,info@larixrumo.it,www.larixrumo.it
727,,727,349-4989067,info@masokofler.it,www.masokofler.it
728,,728,0463-530552,,
729,,729,0439-62604,,
730,,730,0439-65113,antonella_pradel@libero.i t,
731,,731,340 2598121,info@casadelmao.it,www.casadelmao.it
732,,732,3483801538,michele.melchiorri@virgil io.it,
733,,733,0461-923569,patricia.zocca@gmail.com,www.lanostrabicocca.com
734,,734,349-5813305,blumen.stube@yahoo.it,
735,,735,0461-540029,bebgian@gmail.com,bebgian.com
736,,736,0463-832698,info@dolomitigolf.house,
737,,737,0463-830109,info@baita-dolomiti.it,www.baita-dolomiti.it
738,,738,338-7854119,info@proval.it,www.proval.it
739,,739,0461-762053,info@comune.scurelle.tn.i t,www.comune.scurelle.tn.it
740,,740,0461-762053,info@comune.scurelle.tn.i t,
741,,741,337-458467,zankar@tin.it,
742,,742,389-9819188,info@cervodoro.it,www.cervodoro.it
743,,743,0461-235723,info@articoimpresasociale .it,
744,,744,0376-245505,segreteria@cadeltiglio.it,
745,,745,0463-536085,camillo.schwarz@alice.it,www.casacamillo.it
746,,746,0463-536775   -    3473038137,gianni.polli@libero.it,www.la-capannina.it
747,,747,0463-536209,post@casadegliscoiattoli. it,www.casadegliscoiattoli.i t
748,,748,0462-768155,garni.violetta@dnet.it,www.violettasoraga.it
749,,749,0462-768155,garni.violetta@dnet.it,www.violettasoraga.it
750,,750,340-4118323,info@lalumderoisc.it,
751,,751,340-4118323,info@lalumderoisc.it,
752,,752,333-4772276,daniela.alexandrovici@yah oo.com,
753,,753,333-4772276,daniela.alexandrovici@yah oo.com,
754,,754,0462-768151,direzione@soggiornodonori one.it,www.soggiornodonorione.it
755,,755,0462-768151,direzione@soggiornodonori one.it,www.soggiornodonorione.it
756,,756,346 0785044,info@fassaaparte.it,
757,,757,346 0785044,info@fassaaparte.it,
758,,758,346-0785044,info@fassaaparte.it,
759,,759,346-0785044,info@fassaaparte.it,
760,,760,0461-698106,info@maso-sveseri.it,www.maso-sveseri.it
761,,761,349 9512566,bruno.1954@libero.it,
762,,762,0465-806009,info@scsartori.it,
763,,763,366-8127696,info@sottoalbosco.it,www.sottoalbosco.it
764,,764,02-48701531,,
765,,765,333-3156213,annalorandini@libero.it,
766,,766,333-3156213,annalorandini@libero.it,
767,,767,0461-605889,info@alcedro.tn.it,www.alceddro.tn.it
768,,768,0461-641233,marhir70@msn.com,www.Masotrentini.altervis ta.org
769,,769,334 9418111,info@dinamicaimpresasocia le.it,www.castagnematte.it
770,,770,392-8759631,masoazzurro@gmail.com,
771,,771,366-2148134,,www.pnab.it
772,,772,0465-701459,info@hotalpino.it,
773,,773,0465-296868,,
774,,774,347-2390355,info@bebrendena.it,www.bebrendena.it
775,,775,0465-321596,info@resindencerika.it,
776,,776,0461-766159,vitfabr@tin.it,
777,,777,0461-766092,acapisa@tin.it,
778,,778,0461-766414,sergio@ristorantelaghetto .it,www.ristorantelaghetto.it /
779,,779,333-4953398,info@malgacere.it,www.malgacere.it
780,,780,0461-766933,baitasuerta@gmail.com,www.baitasuerta.it
781,,781,366-3421338,info@lapiazzettadicanale. it,www.lapiazzettadicanale.i t
782,,782,329-3976464,paolosony64@gmail.com,
783,,783,0464-501097,infoaicastagni@gmail.com,www.aicastagni.com
784,,784,328-5776969,info@ariefil.com,www.ariefil.com
785,,785,0464-555905,bedandbeggiato@gmail.com,
786,,786,333 7061112,info@locandadeimusicisti. it,
787,,787,0464-553257 (invernale),info@campinglagoditenno.i t,www.campinglagoditenno.it
788,,788,335-6371599,marcotanas@hotmail.com,
789,,789,0464-502155,info@altrovante.com,
790,,790,0473-442015,residence.lena@outlook.it,
791,,791,328-5865518,carlotoniatti@yahoo.it,
792,,792,349-2962189,scrivi@ilmasetto.com,
793,,793,0463-901038,info@cortedeitoldi.it,www.cortedeitoldi.it
794,,794,0463-903164,info@alconventoterzolas.i t,www.alconventoterzolas.it
795,,795,345-4524459,info@affittacamereceschin i.it,www.affittacamereceschini .it
796,,796,0462-813161,info@bebdolomites.it,www.bebdolomites.it
797,,797,349 4147820,bbdormiben@gmail.com,www.bbdormiben.it
798,,798,0462-814679,info@lecaore.it,
799,,799,347-1293164,alice.zorzi@gmail.com,
800,,800,329 3022998,info@beblebetulle.it,
801,,801,338 4474366,iosellaiori@hotmail.it,
802,,802,0462-814342,lila958@libero.it,
803,,803,0462-814615,info@residencemich.it,www.residencemich.it
804,,804,0461-930460,info@trentinoresidences.i t,www.trentinoresidences.it
805,,805,0462-813500,,
806,,806,0465-324562,info@bbcappeler.it,www.bbcappeler.it
807,,807,0465-323059,info@bbtiana.it,www.bbtiana.it
808,,808,0465-321057,olivoro@tin.it,
809,,809,0465-322093,soncini@kinderheimdolomit i.it,www.kinderheimdolomiti.it
810,,810,335 5888483,maurizio.pat@email.it,al-mas.jimdo.com
811,,811,335-7883344,edera.rita@gmail.com,www.edera-rita.it
812,,812,0461-766129,campingaicastagni@libero. it,
813,,813,0461-827200,info@hotelvela.com,
814,,814,0461-810380,camere.ester@gmail.com,www.camereester.com
815,,815,0461-392218,info@locandacanonicatrent o.it,
816,,816,340 3386104,info@lavillatrento.it,www.lavillatrento.it
817,,817,0461-942212,villa.bertagnolli@tin.it,www.villabertagnolli.it
818,,818,0461-891343,comunitasolidale@diocesit n.it,
819,,819,0461-827200,info@hotelvela.com,
820,,820,0461-827200,info@hotelvela.com,
821,,821,336-590808,arisave60@gmail.com,
822,,822,345-1758447,alconventotn@virgilio.it,
823,,823,345 4573277,polla_cro@hotmail.it,www.b-bfontanatritone.web node.it
824,,824,0461-983783,lorenza.paris@bedandbreak fastallecoste.it,www.bedandbreakfastalleco ste.it
825,,825,334-7297910,alteabb@gmail.com,
826,,826,340-6494823,info@bbariadargento.it,
827,,827,338-7985340,bbartemia@gmail.com,bbartemia.oneminutesite.i t
828,,828,0461-922133,alcavour34@gmail.com,www.alcavour34.it
829,,829.0,,,
830,,830,349-3946746,bballaroggia@gmail.com,
831,,831,345-8267294,info@bbnettuno.it,www.bbnettuno.it
832,,832,348 6198518,bedandbreakfastdiaz@hotma il.com,
833,,833,340-3766254,helios55@vodafone.it,
834,,834,0461 1865105,info@bbgiardino.it,www.bbgiardino.it
835,,835,334-7298008,elefede95@gmail.com,
836,,836,328-3754975,beblainez@gmail.com,
837,,837,338-7065673,bbalduomo4@gmail.com,
838,,838,0461-980447,lpodetti@hotmail.it,
839,,839,3737738322,info@bbmargot.com,
840,,840,339-4293594,maura.pettorruso@gmail.co m,
841,,841,327-6161663,info@bbmia.it,www.bbmia.it
842,,842,320-9680676,,
843,,843,0461-1750000,info@villasizzo.it,www.villasizzo.it
844,,844,347-4723886,sergio.bertoldi@alice.it,
845,,845,334 7464718,info@rosagalina.it,
846,,846,338-9117458,bbtaramelli@gmail.com,www.bbtaramelli.it
847,,847,393-6185558,ggiuliabosetti@gmail.com,
848,,848,335-6058815,info@bbada.it,www.bbada.it
849,,849,0461-235236,ristopat@tiscali.it,www.aitreportoni.com
850,,850,348-8257440,arcadiatrento@fastwebnet. it,
851,,851,349 6087572,,
852,,852,399 3650981,info@bbdante.com,
853,,853,339 3650981,info@bbeden.it,
854,,854,347-6475297,info@bblemuse.com,
855,,855,346-3831179,,
856,,856,333 - 7940663,bbsofia.tn@gmail.com,
857,,857,339-3650981,info@bbtrento.com,
858,,858,0461-230302,bb.villagemma@gmail.com,www.villagemma.eu
859,,859,0461-811451,livia@cabiancatrento.it,
860,,860,0461-231270,info@dosstrento.it,
861,,861,338 1204729,bnb.trento.it@gmail.com,
862,,862,328 7315514,massimolazzeri@hotmail.co m,
863,,863,0461-349562,angela68@aol.it,
864,,864,347-1673893,elemattivi@yooh.it,
865,,865,0461-822190,info@bbcasapompermaier.it,www.bbcasapompermaier.it
866,,866,389-0749292,casatondin@gmail.com,www.casatondin.it
867,,867.0,,,
868,,868,0461-231155,vittorio@vdpfreelancer.it,
869,,869,345-5293378,info@heartoftrento.com,www.heartoftrento.com
870,,870,328-2123188,prizzoli08@gmail.com,
871,,871,327 8339777,info@laloggiadelcastello. com,www.laloggiadelcastello.i t
872,,872,0461-231803,lamalvasia@bblamalvasia.i t,
873,,873,0461-810686,fabiano.francesca@libero. it,
874,,874,0461-811420,studiofracalossi@alicemai l.it,
875,,875,349-5695423,info@letregemme.it,www.letregemme.it
876,,876,347-9394155,sarahcarrozzini@hotmail.c om,
877,,877,340-5342112,giancarlo.abram@gmail.com,
878,,878,348 4225488,stefa106@hotmail.com,
879,,879,371-3878887,bnbmazzini@yahoo.com,
880,,880,347 1643549,,
881,,881,320 8640504,pothosbnb@gmail.com,
882,,882,340-5642319,m.giovanni15@hotmail.it,
883,,883,340-8669043,bebresidenzairis@gmail.co m,
884,,884,0461-942120,villa.bertagnolli@tin.it,www.villabertagnolli.it
885,,885,0461-910745,sere_cri@hotmail.com,
886,,886,324- 6083478,bnbtrento@gmail.com,www.bnbtrento.it
887,,887,345-5293378,,
888,,888,335 6342205,giuseppegrisenti@gmail.co m,
889,,889,,ilbivacco@taa.agesci.it,
890,,890,0461-238720,coop@vsi.it,www.coop.vsi.it
891,,891,0461-947511,candriai@aeratscarl.com,
892,,892,0461-866170,cmcadine@tin.it,
893,,893,0461-983010,info@hotelamerica.it,www.hotelamerica.it
894,,894,0461-984435,,
895,,895,328-8746093,komodo.trento@gmail.com,www.komodotrento.it
896,,896,0461-260437,amministrazione@trentodue .it,www.cityresidencesrl.it
897,,897,0461-931414,info@cityresidencesrl.it,www.cityresidencesrl.it
898,,898,0461-983010,info@hotelamerica.it,www.hotelamerica.it
899,,899,0461-948117,nevada@lorenzihotels.com,
900,,900,0461-993232,info@residencecapitoltren to.it,www.residencecapitoltrent o.it
901,,901,0461-263484,trento@gayaproject.it,
902,,902,333-3753448,info@arlanch8.it,www.arlanch8.it
903,,903,0464-869302,somele.alto@libero.it,
904,,904,340-6245738,rita.maraner@libero.it,
905,,905,347-0503031,luca.campagnaplazzer@virg ilio.it,
906,,906,0464-869127,cosmagnon@yahoo.it,
907,,907,030 9968222,lacasadiobra@gmail.com,
908,,908,0464-860050,fondazione@rhost.it,
909,,909,0462-340460,info@hotelalpinovarena.it,www.hotelalpinovarena.it
910,,910,0462-340460,info@hotelalpinovarena.it,www.hotelalpinovarena.it
911,,911,0462-230283,info@ristorantelabaita.eu,
912,,912,0462-342421,casaferie.varena@hotmail. it,
913,,913,0462-232430,p.gilmozzi@sgsfuture.it,www.volperossa.it
914,,914,348-7764790,atmospheredimontagna@gmai l.com,
915,,915,349-6198591,bnbmagnini@gmail.com,
916,,916,0364-903918,palladineve_tonale@virgil io.it,
917,,917,+39.0364.903814,residence.redivalle@iride hotels.com,
918,,918,0364-903772,info@passotonaleappartame nti.it,www.passotonaleappartamen ti.it
919,,919,0364-903978,info@hotellatorretta.com,
920,,920,392-5911400,info@ilsambuco.eu,www.ilsambuco.eu
921,,921,393-9932189,info@masozont.it,
922,,922,0462-764493,info@ladin.it,www.ladin.it
923,,923,0462-769076,masondecuz@tin.it,
924,,924,0462-763215,rosalpina@fassaweb.net,
925,,925,0462-764859,info@achillea-bb.it,
926,,926,335271731,dolomites.deli@gmail.com,
927,,927,339 1378572,fior.tamion@gmail.com,www.fassa.com/IT/fior
928,,928,0462-763203,segreteria@sangiuseppeope raio.it,www.sangiuseppeoperaio.it
929,,929,0462-764209,info@albergocatinaccio.co m,
930,,930,0462-763275,info@tonysport.it,www.tonysport.it
931,,931,0462-764064,info@residenceazzurra.com,www.residenceazzurra.com
932,,932,0462-764771,info@dunaverde.it,www.dunaverde.it
933,,933,0462-764867,info@appartamentivigo.it,
934,,934,339-1786787,info@brunelappartamenti.i t,www.brunelappartamenti.it
935,,935,0462-763452,marlis.pollam@alice.it,
936,,936,346-0785044,info@fassaaparte.it,
937,,937,346-0785044,info@fassaaparte.it,
938,,938,0462-764458,info@residenceweiss.com,www.residenceweiss.com
939,,939,0462-764154,info@ciasaalpe.it,www.ciasaalpe.it
940,,940,0462-231341,info@ciasaladina.com,
941,,941,380-7327387,deanna.poletti@gmail.com,www.casadelnoce.com
942,,942,339-8269049,albertobertocchi@alice.it,
943,,943,328-6194384,dalbarbarist@gmail.com,
944,,944,0464-820148,alghiro@gmail.com,www.alghiro.it
945,,945,392-7141846,bonvilla16@gmail.com,
946,,946,333-6203039,info@bbharmony.it,www.bbharmony.it
947,,947,335-6928548,danielaceschi@tiscalinet. it,
948,,948,0464-801412,centro.cei@vigilfuoco.it,
949,,949,338-1947048,info@babarum.com,www.babarum.com
950,,950,392 9890418,consolatiornella@gmail.co m,
951,,951,0464-410660,lacesura@libero.it,
952,,952,333-1373677,bnbpiazota@email.it,www.bbpiazota.it
953,,953,339-2414616,anticoborgotn@gmail.com,
954,,954,0462-571146,info@hotelnele.com,www.hotelnele.com
955,,955,347-8462764,ebodani76@gmail.com,www.lastubedeipartel.weeb ly.com
956,,956,340-8188384,info@bbdellamontagna.it,
957,,957,0462-871390,info@casavanzetta.it,www.casavanzetta.it
958,,958,0465-702170,ilpicchioristorante@alice .it,www.picchiocomanoterme.it
959,,959,0465-701442,info@cattonihotelplaza.co m,
960,,960,320 3620130,info@arcoambiez.it,www.arcoambiez.it
961,,961,0465-700142,,
962,,962,329 9766817,rentapartit@gmail.com,
963,,963,348-9042218,info@immobiliarecasale.it,www.residenzacasale.it
964,,964,329 9766817,rentapartit@gmail.com,
965,,965,0465-709500,info@hotelangelo.com,www.hotelangelo.com
966,,966,0465-701442,info@cattonihotelplaza.co m,www.cattonihotelplaza.com
967,,967,0464-592117,info@cameadina.com,www.cameadina.com
968,,968,348-5529113,ledro@galet.it,www.galet.it
969,,969,338-4187314,bbledro@yahoo.it,www.bbledro.com
970,,970,348-9045450,ledrocasai@gmail.com,
971,,971,393-8771387,fi.roby@gmail.com,
972,,972,0464-592085,beb.annamaria@alice.it,
973,,973,328-4536643,cristinarieder@hotmail.co m,
974,,974,349-3212193,cisfranco@yahoo.it,
975,,975,347-6876887,info@villacinzia.trentino .it,www.villacinzia.trentino. it
976,,976,0464-591250,info@camping-al-lago.it,www.camping-al-lago.it
977,,977,0464-596184,info@campingcasavecchia.i t,www.campingcasavecchia.it
978,,978,0464-591276,info@campingazzurro.net,www.campingazzurro.net
979,,979,0464-508496,info@campingalsole.it,www.campingalsole.it
980,,980,0464-508168,p.c.incoronata.biacesa@vi rgilio.it,
981,,981,349-7946730,info@casaledro.it,www.casaledro.it
982,,982,0464-508133,,
983,,983,0464-594237,danilo.crosina@email.it,
984,,984,0464-597016,santimauro70@alice.it,www.valleledro.it
985,,985,348-1460963,info@enjoyledro.it,www.enjoyledro.it
986,,986,0464-508399,info@greenholiday.com,www.greenholiday.com
987,,987,334-9689079,ledrolakeholiday@gmail.co m,
988,,988,0464-590150,admin@lakeproject.it,www.lakeproject.it
989,,989,0464-591037,casevacanzalido@gmail.com,
990,,990,333-6949722,,
991,,991,349-8516006,morapaola86@gmail.com,www.casacatullo.it
992,,992,346 2852111,,
993,,993,334-9689079,ledrolakeholiday@gmail.co m,
994,,994,340 6569683,info@casolla.com,
995,,995,340-1662123,danilo.crosina@email.it,www.affittivacanzecrosina .com
996,,996,0464-594102,info@allaperla.it,www.allaperla.it
997,,997,0464-591252,info@villaggiosantalucial edro.it,www.villaggiosantaluciale dro.it
998,,998,0463-536208,info@dolcesognocoredo.it,www.dolcesognocoredo.it
999,,999,349-2948375,bbcogol@gmail.com,www.trentinobedandbreakfa st.it/bed/cogol
1000,,1000,0463-536399,marignoli@gmail.com,
1001,,1001,0463-536296,casamiramonti@yahoo.it,www.casamiramonti.it
1002,,1002,0463-536119,casa.betania@alice.it,
1003,,1003,0463-536315,,
1004,,1004,045-8005633,economo@carmeloveneto.it,
1005,,1005,0463-536174,info@vacanzeportale.it,www.vacanzeportale.it
1006,,1006,348-3044174,locandaitinerande@gmail.c om,www.locandaitinerande.com
1007,,1007,0465-734372,dolcevita.ambiez@gmail.co m,
1008,,1008,388-8256013,info@osteriadacore.com,www.osteriadacore.san-lor enzo-in-banale.it
1009,,1009,0465-734012,info@hotelsanlorenzo.net,
1010,,1010,0465-734486,solisurna@rolmail.net,www.solisurna.it
1011,,1011,320-3514004,paologionghi@alice.it,
1012,,1012,333-2393491,affittacameresilvia@gmail .com,
1013,,1013,346 2714960,dapierino@gmail.com,
1014,,1014,320-9571542  339-7050924,bebcapraja@gmail.com,www.villacapraja.it
1015,,1015,030-48221,,
1016,,1016,0463-974133,info@allemeridiane.it,www.allemeridiane.it
1017,,1017,0463-974206,info@jollydimaro.it,www.jollydimaro.it
1018,,1018,0463-973326,info@kaiserkrone.it,www.kaiserkrone.it
1019,,1019,0463-986375,info@splendorhotel.it,www.splendorhotel.it
1020,,1020,320-9365702,paolabertolini@gmail.com,
1021,,1021,0463-974221,agipvalorz@libero.it,
1022,,1022,339-2025512,,
1023,,1023,0463-974023,info@ristoranteanna.com,
1024,,1024,333-3371177,,
1025,,1025,0463-974332,info@campingdolomiti.com,www.campingdolomiti.com
1026,,1026,0464-437516,giovanni.landini@fraticap puccini.it,
1027,,1027,335-485870,nadiaramponi@bonetei.it,www.bonetei.it
1028,,1028,0463-974814,info@residencedimaro.it,www.residencedimaro.it
1029,,1029,333 4070344,info@immobiliareholly.com,
1030,,1030,333-4070344,info@immobiliareholly.com,www.immobiliareholly.com
1031,,1031,0463-901700,info.male@soleneve.it,www.soleneve.it
1032,,1032,366 3000223,armani.filippi@gmail.com,
1033,,1033,347 3361907,countrysisterssnc@gmail.c om,
1034,,1034,328-6766881,info@locandadelpassatore. com,www.locandadelpassatore.c om
1035,,1035,0461-685127,info@lostellodigrumes.it,www.lostellodigrumes.it
1036,,1036,347-9753852,,
1037,,1037,0461 848207,,
1038,,1038,329 4115714,info@bblupo.it,www.bblupo.it
1039,,1039,333-4306830,bebdon@alice.it,
1040,,1040,335-8365333,,
1041,,1041,0465-622129,info@borgoanticosorino.it,www.lalocandaborgoantico. com
1042,,1042,347-1012347,salvagnimichela@tiscali.i t,
1043,,1043,0461-1597612,info@articoimpresasociale .it,
1044,,1044,0465-621120,associazioneilpontesulgua do@yahoo.it,www.pontesulguado.org
1045,,1045,366-9813815,info@tomaselliservizi.it,www.bebtomaselli.net
1046,,1046,366-9813815,info@tomaselliservizi.it,www.bebtomaselli.net
1047,,1047,339-7945539,apollonia31@alice.it,
1048,,1048,339-7945539,apollonia31@alice.it,
1049,,1049,346 5856254,bbcastelivano@gmail.com,www.bbcastelivano.it
1050,,1050,346 5856254,bbcastelivano@gmail.com,www.bbcastelivano.it
1051,,1051,0461-780010,info@comune.castel-ivano. tn.it,
1052,,1052,0461-780010,info@comune.castel-ivano. tn.it,
1053,,1053,0461-683764,marco@marcoarman.it,www.mariabb.it
1054,,1054,0461-652067,valeria.depoda@alice.it,www.agriturdepoda.it/resi denza.html
1055,,1055,0461-652327,info@borgorossi.com,www.borgorossi.com
1056,,1056,0461-652327,info@borgorossi.com,www.borgorossi.com
1057,,1057,333-6616910,baldodiego79@alice.it,
1058,,1058,338-3878566,casaolimpia@akfree.it,
1059,,1059,377-7056232,info@masolimaro.it,www.masolimaro.it
1060,,1060,0465-801425,g.dorna@virgilio.it,www.bedandbreakfastlagioc onda.com
1061,,1061,0461-321513,bbdagiorgio@gmail.com,
1062,,1062,0465-801669,info@campingvalrendena.co m,www.campingvalrendena.com
1063,,1063,0465-321370,,
1064,,1064,0439 768893,info@ristoranteanita.it,
1065,,1065,0439-62749,lanternaverde@libero.it,
1066,,1066,0439-768641,lastei@residencehotel.it,www.residencehotel.it
1067,,1067,0439-68541,info@residencedelweiss.it,www.residencedelweiss.it
1068,,1068,0439-62337,info@villasole.tn.it,www.villasole.tn.it
1069,,1069,349-3574841,,
1070,,1070,3383219896,info@hotelsassmaor.it,www.hotelsassmaor.it
1071,,1071,3383219896,info@hotelsassmaor.it,www.hotelsassmaor.it
1072,,1072,348 2853168,bedandbreakfastscalet@gma il.com,
1073,,1073,334-7024600,info@bbweiss.com,
1074,,1074,333-4749382,info@baitazeni.it,www.baitazeni.it
1075,,1075,368 7413582,,
1076,,1076,348-3653648,info@masoalcervo.com,
1077,,1077,338-5616210,info@gomez.it,
1078,,1078,0439-62426,info@castelpietra.it,www.castelpietra.it
1079,,1079,0439-68347,info@campingsassmaor.it,www.campingsassmaor.it
1080,,1080,041-5987404,segretario@salesianinorde st.it,
1081,,1081,0439-65027,info@accoglienza.diocesi. it,www.accoglienza.diocesi.i t
1082,,1082,0439-68194,,
1083,,1083,0439-689150,rl@clubres.com,www.clubres.com
1084,,1084,0439-68347,ostello.sanmartino@libero .it,
1085,,1085,0465-901593,bebmiravalle@yahoo.it,
1086,,1086,0465-442767,info@groste.it,www.groste.it
1087,,1087,0465-321091,giacomo@ceranelli.it,www.ceranelli.it
1088,,1088,333 1496068,casacampanelle@gmail.com,
1089,,1089,0465-322119,anticofocolare1@yahoo.it,
1090,,1090,335-7024785,serafini.franca@gmail.com,
1091,,1091,0465-503003,info@pradelacasa.it,
1092,,1092,0465-323173,info@pnab.it,www.pnab.it
1093,,1093,0461-585569,miorijohnross@yahoo.it,
1094,,1094,328 8238523,bariselita@gmail.com,
1095,,1095,345-8785797,tonelli_fabio@alice.it,
1096,,1096,333-7681031,alexiastube@yahoo.it,
1097,,1097,0461-1866840,carladolzani@gmail.com,www.masoscricciolo.it
1098,,1098,0461-865377,tullio.bonetti@campeggiol idolilla.it,www.campeggiolidolilla.it
1099,,1099,0461-860423,campeggio@laghidilamar.co m,www.laghidilamar.com
1100,,1100,0463-450089,bmarcob@msn.com,www.bedandbreakfast-benve nuti.it
1101,,1101,3332124593,deldorigat@yahoo.it,www.bebdorigat.it
1102,,1102,0464-433771,cfprovereto@operaarmidaba relli.org,
1103,,1103,0464-433771,cfprovereto@operaarmidaba relli.org,
1104,,1104,0461-959505,amministrazione@faggio.it,www.faggio.it
1105,,1105,0461-959507,info@nest-trento.it,www.nest-trento.it
1106,,1106,0465-326370,organizzazione@terrecomun i.it,
1107,,1107,0461-275711,piaunione@piaunione.it,www.webdiocesi.chiesacatt olica.it/triveneto/trento/00020882_Residenza_Pia_Unione.html
1108,,1108,0461-885555,amministrazione@sdbtrento .it,www.sdbtrento.it
